link,title,rating,no_ratings,cover_type,price
./index_files/61DRpBWqBTL._AC_UL320_.jpg,"Ace the Data Science Interview: 201 Real Interview Questions Asked By FAANG, Tech Startups, & Wall Street",4.5 out of 5 stars,"1,040",Paperback,$42.75
./index_files/81vSllqPhiL._AC_UL320_.jpg,Murach's Python for Data Science (2nd Edition): Training and Reference,5.0 out of 5 stars,1,Paperback,$52.35
./index_files/71Ig+csKFeL._AC_UL320_.jpg,Winning with Data Science: A Handbook for Business Leaders,4.8 out of 5 stars,10,Hardcover,$23.44
./index_files/512T87VOexL._AC_UL320_.jpg,Multivariate Biomarker Discovery: Data Science Methods for Efficient Analysis of High-Dimensional Biomedical Data,,,Hardcover,$85.98
./index_files/710MTb+v7mL._AC_UL320_.jpg,"Models, Metaphor and Meaning: How Data Models use Metaphor to Convey Meaning",4.3 out of 5 stars,15,Paperback,$14.99
./index_files/81bFADNc7EL._AC_UL320_.jpg,AWS Certified Data Analytics Study Guide: Specialty (DAS-C01) Exam,4.6 out of 5 stars,75,Paperback,$31.57
./index_files/71aNeOPoxgL._AC_UL320_.jpg,The Power of Prediction in Health Care: A Step-by-step Guide to Data Science in Health Care (Data Science with ChatGPT),4.8 out of 5 stars,8,Paperback,$12.99
./index_files/71QdFhhlJkL._AC_UL320_.jpg,Quantitative Social Science Data with R: An Introduction,4.6 out of 5 stars,3,Paperback,$39.37
./index_files/612nUEbSNjL._AC_UL320_.jpg,"Python for Data Analysis: A Beginners Guide to Master the Fundamentals of Data Science and Data Analysis by Using Pandas, Numpy and Ipython (Programming Languages for Beginners)",4.3 out of 5 stars,32,Paperback,$15.97
./index_files/61o+y9uN1kL._AC_UL320_.jpg,Data Science on AWS: Unleashing the Power of Cloud Computing for Innovative Data Insights,5.0 out of 5 stars,3,Paperback,$14.95
./index_files/61KLmToALGL._AC_UL320_.jpg,Data Science on AWS: Leveraging AWS for Advanced Data Science Solutions. Advanced Guide,5.0 out of 5 stars,1,Paperback,$14.95
./index_files/61huFbKKevL._AC_UL320_.jpg,SQL for Data Analytics - Third Edition: Harness the power of SQL to extract insights from data,4.6 out of 5 stars,67,Paperback,$34.99
